#,target,auid,jd,mag,uncertainty,fainterthan,band,type,observer,airmass,transformed
1,SN 2026aaiv,000-BQR-006,2461293.59135,12.856,0.013,False,Johnson B,CCD,CDZ,1.093,True
2,SN 2026aaiv,000-BQR-006,2461293.59563,12.289,0.018,False,Cousins R,CCD,CDZ,1.103,True
3,SN 2026aaiv,000-BQR-006,2461293.58708,12.67,0.007,False,Johnson V,CCD,CDZ,1.083,True
4,SN 2026aaiv,000-BQR-006,2461293.4021,12.89,,False,Visual,Visual,DPV,,False
5,SN 2026aaiv,000-BQR-006,2461292.5007,12.9,,False,Visual,Visual,DPV,,False
6,SN 2026aaiv,000-BQR-006,2461293.489583,12.4,,False,Visual,Visual,DAH,,False
7,SN 2026aaiv,000-BQR-006,2461288.329861,14.9,,False,Visual,Visual,ILE,,False
8,SN 2026aaiv,000-BQR-006,2461290.315972,14.0,,False,Visual,Visual,ILE,,False
9,SN 2026aaiv,000-BQR-006,2461292.392361,12.9,,False,Visual,Visual,ILE,,False
10,SN 2026aaiv,000-BQR-006,2461290.46200317,13.57,0.01,False,Johnson V,CCD,CEM,,False
11,SN 2026aaiv,000-BQR-006,2461293.38116243,12.80,0.01,False,Johnson V,CCD,CEM,,False
12,SN 2026aaiv,000-BQR-006,2461291.3465,13.1,,False,Visual,Visual,KWO,,False
13,SN 2026aaiv,000-BQR-006,2461294.5187,12.40,,False,Visual,Visual,DPV,,False
14,SN 2026aaiv,000-BQR-006,2461295.3278,12.7,,False,Visual,Visual,KWO,,False
15,SN 2026aaiv,000-BQR-006,2461295.33001,12.305,0.06,False,Johnson V,CCD,BVE,1.234,False
16,SN 2026aaiv,000-BQR-006,2461290.31,13.6,,False,Visual,Visual,BOZ,,False
17,SN 2026aaiv,000-BQR-006,2461292.36,12.9,,False,Visual,Visual,BOZ,,False
18,SN 2026aaiv,000-BQR-006,2461294.465278,12.3,,False,Visual,Visual,OJR,,False
19,SN 2026aaiv,000-BQR-006,2461295.451389,12.3,,False,Visual,Visual,OJR,,False
20,SN 2026aaiv,000-BQR-006,2461295.447917,12.2,,False,Visual,Visual,VDAF,,False
21,SN 2026aaiv,000-BQR-006,2461295.59044,12.555,0.01,False,Johnson B,CCD,CDZ,1.1,True
22,SN 2026aaiv,000-BQR-006,2461295.59473,12.023,0.017,False,Cousins R,CCD,CDZ,1.11,True
23,SN 2026aaiv,000-BQR-006,2461295.58617,12.379,0.013,False,Johnson V,CCD,CDZ,1.089,True
24,SN 2026aaiv,000-BQR-006,2461291.796876,12.698,0.023,False,Johnson V,CCD,RFDA,1.002,False
25,SN 2026aaiv,000-BQR-006,2461291.79516,13.019,0.018,False,Johnson B,CCD,RFDA,1.002,False
26,SN 2026aaiv,000-BQR-006,2461291.798635,12.251,0.026,False,Cousins R,CCD,RFDA,1.002,False
27,SN 2026aaiv,000-BQR-006,2461291.798635,11.785,0.019,False,Cousins I,CCD,RFDA,1.002,False
28,SN 2026aaiv,000-BQR-006,2461291.38896,13.17,0.04,False,Johnson V,CCD,LCR,,False
29,SN 2026aaiv,000-BQR-006,2461294.32953,12.54,0.03,False,Johnson V,CCD,LCR,,False
30,SN 2026aaiv,000-BQR-006,2461289.29375,14.1,,False,Johnson V,CCD,FATA,,False
31,SN 2026aaiv,000-BQR-006,2461288.363194,14.6,,False,Johnson V,CCD,FATA,,False
32,SN 2026aaiv,000-BQR-006,2461290.25625,13.8,,False,Johnson V,CCD,FATA,,False
33,SN 2026aaiv,000-BQR-006,2461292.275694,13.2,,False,Johnson V,CCD,FATA,,False
34,SN 2026aaiv,000-BQR-006,2461293.33125,12.9,,False,Johnson V,CCD,FATA,,False
35,SN 2026aaiv,000-BQR-006,2461294.256944,12.8,,False,Johnson V,CCD,FATA,,False
36,SN 2026aaiv,000-BQR-006,2461294.60874,11.636,0.05,False,Cousins R,CCD,RNDA,1.068,False
37,SN 2026aaiv,000-BQR-006,2461294.60945,11.637,0.051,False,Cousins R,CCD,RNDA,1.067,False
38,SN 2026aaiv,000-BQR-006,2461294.61016,11.649,0.049,False,Cousins R,CCD,RNDA,1.066,False
39,SN 2026aaiv,000-BQR-006,2461294.61095,12.061,0.05,False,Johnson V,CCD,RNDA,1.064,False
40,SN 2026aaiv,000-BQR-006,2461294.61166,12.055,0.049,False,Johnson V,CCD,RNDA,1.063,False
41,SN 2026aaiv,000-BQR-006,2461294.61237,12.066,0.052,False,Johnson V,CCD,RNDA,1.062,False
42,SN 2026aaiv,000-BQR-006,2461294.61315,12.662,0.056,False,Johnson B,CCD,RNDA,1.061,False
43,SN 2026aaiv,000-BQR-006,2461294.61387,12.658,0.05,False,Johnson B,CCD,RNDA,1.06,False
44,SN 2026aaiv,000-BQR-006,2461294.61458,12.656,0.05,False,Johnson B,CCD,RNDA,1.059,False
45,SN 2026aaiv,000-BQR-006,2461294.6154,11.274,0.055,False,Cousins I,CCD,RNDA,1.058,False
46,SN 2026aaiv,000-BQR-006,2461294.6161,11.269,0.049,False,Cousins I,CCD,RNDA,1.057,False
47,SN 2026aaiv,000-BQR-006,2461294.61681,11.262,0.05,False,Cousins I,CCD,RNDA,1.056,False
48,SN 2026aaiv,000-BQR-006,2461295.59295,11.579,0.05,False,Cousins R,CCD,RNDA,1.091,False
49,SN 2026aaiv,000-BQR-006,2461295.59366,11.561,0.052,False,Cousins R,CCD,RNDA,1.09,False
50,SN 2026aaiv,000-BQR-006,2461295.59437,11.561,0.046,False,Cousins R,CCD,RNDA,1.089,False
51,SN 2026aaiv,000-BQR-006,2461295.59517,11.977,0.044,False,Johnson V,CCD,RNDA,1.087,False
52,SN 2026aaiv,000-BQR-006,2461295.59587,11.98,0.047,False,Johnson V,CCD,RNDA,1.086,False
53,SN 2026aaiv,000-BQR-006,2461295.59658,11.971,0.044,False,Johnson V,CCD,RNDA,1.084,False
54,SN 2026aaiv,000-BQR-006,2461295.59736,12.575,0.045,False,Johnson B,CCD,RNDA,1.083,False
55,SN 2026aaiv,000-BQR-006,2461295.59807,12.584,0.049,False,Johnson B,CCD,RNDA,1.082,False
56,SN 2026aaiv,000-BQR-006,2461295.59878,12.584,0.052,False,Johnson B,CCD,RNDA,1.08,False
57,SN 2026aaiv,000-BQR-006,2461295.59956,11.18,0.047,False,Cousins I,CCD,RNDA,1.079,False
58,SN 2026aaiv,000-BQR-006,2461295.60027,11.194,0.05,False,Cousins I,CCD,RNDA,1.078,False
59,SN 2026aaiv,000-BQR-006,2461295.60098,11.176,0.049,False,Cousins I,CCD,RNDA,1.076,False
60,SN 2026aaiv,000-BQR-006,2461291.5228,12.384,0.057,False,Johnson V,CCD,RNDA,1.389,False
61,SN 2026aaiv,000-BQR-006,2461291.52351,12.382,0.061,False,Johnson V,CCD,RNDA,1.385,False
62,SN 2026aaiv,000-BQR-006,2461291.52422,12.302,0.061,False,Johnson V,CCD,RNDA,1.381,False
63,SN 2026aaiv,000-BQR-006,2461291.52059,11.942,0.062,False,Cousins R,CCD,RNDA,1.402,False
64,SN 2026aaiv,000-BQR-006,2461291.5213,11.946,0.06,False,Cousins R,CCD,RNDA,1.398,False
65,SN 2026aaiv,000-BQR-006,2461291.52201,11.968,0.056,False,Cousins R,CCD,RNDA,1.394,False
66,SN 2026aaiv,000-BQR-006,2461291.52724,11.58,0.059,False,Cousins I,CCD,RNDA,1.364,False
67,SN 2026aaiv,000-BQR-006,2461291.52795,11.584,0.058,False,Cousins I,CCD,RNDA,1.36,False
68,SN 2026aaiv,000-BQR-006,2461291.52866,11.607,0.064,False,Cousins I,CCD,RNDA,1.356,False
69,SN 2026aaiv,000-BQR-006,2461291.52502,12.984,0.063,False,Johnson B,CCD,RNDA,1.376,False
70,SN 2026aaiv,000-BQR-006,2461291.52573,12.984,0.058,False,Johnson B,CCD,RNDA,1.372,False
71,SN 2026aaiv,000-BQR-006,2461291.52644,12.978,0.066,False,Johnson B,CCD,RNDA,1.368,False
72,SN 2026aaiv,000-BQR-006,2461296.368056,12.0,,False,Visual,Visual,ILE,,False
73,SN 2026aaiv,000-BQR-006,2461296.3,12.5,,False,Visual,Visual,BOZ,,False
74,SN 2026aaiv,000-BQR-006,2461296.419444,12.3,,False,Visual,Visual,CSZ,,False
75,SN 2026aaiv,000-BQR-006,2461292.431944,12.7,,False,Visual,Visual,CSZ,,False
76,SN 2026aaiv,000-BQR-006,2461291.302083,13.2,,False,Visual,Visual,CSZ,,False
77,SN 2026aaiv,000-BQR-006,2461290.310417,13.8,,False,Visual,Visual,CSZ,,False
78,SN 2026aaiv,000-BQR-006,2461295.425694,12.5,,False,Visual,Visual,CSZ,,False
79,SN 2026aaiv,000-BQR-006,2461296.290972,12.5,,False,Johnson V,CCD,FATA,,False
80,SN 2026aaiv,000-BQR-006,2461296.459028,12.4,,False,Visual,Visual,OJR,,False
81,SN 2026aaiv,000-BQR-006,2461296.361111,12.3,,False,Visual,Visual,BPHC,,False
82,SN 2026aaiv,000-BQR-006,2461296.704861,12.3,,False,Visual,Visual,HRBA,,False
83,SN 2026aaiv,000-BQR-006,2461295.3826,12.32,,False,Visual,Visual,DPV,,False
84,SN 2026aaiv,000-BQR-006,2461296.659,12.55,,False,Visual,Visual,DPV,,False
85,SN 2026aaiv,000-BQR-006,2461297.373611,12.0,,False,Visual,Visual,DAH,,False
86,SN 2026aaiv,000-BQR-006,2461291.632002,12.845,0.015,False,Tri-Color Blue,DSLR,YBA,1.196,False
87,SN 2026aaiv,000-BQR-006,2461295.605822,12.232,0.026,False,Tri-Color Blue,DSLR,YBA,1.263,False
88,SN 2026aaiv,000-BQR-006,2461291.632002,12.31,0.013,False,Tri-Color Green,DSLR,YBA,1.196,False
89,SN 2026aaiv,000-BQR-006,2461295.605822,11.812,0.009,False,Tri-Color Green,DSLR,YBA,1.263,False
90,SN 2026aaiv,000-BQR-006,2461291.632002,11.909,0.013,False,Tri-Color Red,DSLR,YBA,1.196,False
91,SN 2026aaiv,000-BQR-006,2461295.605822,11.247,0.014,False,Tri-Color Red,DSLR,YBA,1.263,False
92,SN 2026aaiv,000-BQR-006,2461294.351389,11.9,,False,Johnson V,CCD,WKL,,False
93,SN 2026aaiv,000-BQR-006,2461287.664583,14.3,,False,Unfiltered with V Zeropoint,CCD,WKL,,False
94,SN 2026aaiv,000-BQR-006,2461289.329167,13.8,,False,Unfiltered with V Zeropoint,CCD,WKL,,False
95,SN 2026aaiv,000-BQR-006,2461290.352083,13.2,,False,Unfiltered with V Zeropoint,CCD,WKL,,False
96,SN 2026aaiv,000-BQR-006,2461291.305556,13.2,,False,Visual,Visual,WKL,,False
97,SN 2026aaiv,000-BQR-006,2461291.322222,13.25,,False,Unfiltered with V Zeropoint,CCD,WKL,,False
98,SN 2026aaiv,000-BQR-006,2461297.4063,12.220,0.031,False,Johnson V,CCD,PYG,,False
99,SN 2026aaiv,000-BQR-006,2461297.5313,12.55,,False,Visual,Visual,DPV,,False
100,SN 2026aaiv,000-BQR-006,2461297.265972,12.3,,False,Johnson V,CCD,FATA,,False
101,SN 2026aaiv,000-BQR-006,2461296.367697,12.352,0.023,False,Sloan i,CCD,RGN,1.06,False
102,SN 2026aaiv,000-BQR-006,2461296.374838,12.217,0.02,False,Sloan r,CCD,RGN,1.048,False
103,SN 2026aaiv,000-BQR-006,2461296.381852,12.37,0.024,False,Sloan g,CCD,RGN,1.039,False
104,SN 2026aaiv,000-BQR-006,2461298.370863,11.993,0.019,False,Unfiltered with V Zeropoint,CCD,LMAN,1.055,False
105,SN 2026aaiv,000-BQR-006,2461298.370964,12.01,0.029,False,Unfiltered with V Zeropoint,CCD,LMAN,1.055,False
106,SN 2026aaiv,000-BQR-006,2461298.371066,12.014,0.03,False,Unfiltered with V Zeropoint,CCD,LMAN,1.054,False
107,SN 2026aaiv,000-BQR-006,2461298.371168,11.993,0.031,False,Unfiltered with V Zeropoint,CCD,LMAN,1.054,False
108,SN 2026aaiv,000-BQR-006,2461298.37127,12.017,0.027,False,Unfiltered with V Zeropoint,CCD,LMAN,1.054,False
109,SN 2026aaiv,000-BQR-006,2461298.371374,12.002,0.022,False,Unfiltered with V Zeropoint,CCD,LMAN,1.054,False
110,SN 2026aaiv,000-BQR-006,2461298.371476,11.979,0.021,False,Unfiltered with V Zeropoint,CCD,LMAN,1.054,False
111,SN 2026aaiv,000-BQR-006,2461298.371578,12.002,0.034,False,Unfiltered with V Zeropoint,CCD,LMAN,1.054,False
112,SN 2026aaiv,000-BQR-006,2461298.37168,12.017,0.024,False,Unfiltered with V Zeropoint,CCD,LMAN,1.053,False
113,SN 2026aaiv,000-BQR-006,2461298.371783,11.999,0.022,False,Unfiltered with V Zeropoint,CCD,LMAN,1.053,False
114,SN 2026aaiv,000-BQR-006,2461298.371885,12.003,0.028,False,Unfiltered with V Zeropoint,CCD,LMAN,1.053,False
115,SN 2026aaiv,000-BQR-006,2461298.371986,11.968,0.035,False,Unfiltered with V Zeropoint,CCD,LMAN,1.053,False
116,SN 2026aaiv,000-BQR-006,2461298.37209,11.972,0.02,False,Unfiltered with V Zeropoint,CCD,LMAN,1.053,False
117,SN 2026aaiv,000-BQR-006,2461298.372193,12.006,0.04,False,Unfiltered with V Zeropoint,CCD,LMAN,1.053,False
118,SN 2026aaiv,000-BQR-006,2461298.372295,12.016,0.024,False,Unfiltered with V Zeropoint,CCD,LMAN,1.053,False
119,SN 2026aaiv,000-BQR-006,2461298.377778,12.3,,False,Visual,Visual,CSZ,,False
120,SN 2026aaiv,000-BQR-006,2461298.331151,12.068,0.053,False,Johnson V,CCD,DUBF,1.225,False
121,SN 2026aaiv,000-BQR-006,2461298.33242,12.274,0.014,False,Johnson B,CCD,DUBF,1.221,False
122,SN 2026aaiv,000-BQR-006,2461298.33369,11.709,0.074,False,Cousins R,CCD,DUBF,1.216,False
123,SN 2026aaiv,000-BQR-006,2461298.334788,11.677,0.136,False,Cousins I,CCD,DUBF,1.213,False
124,SN 2026aaiv,000-BQR-006,2461298.646586,12.137,0.025,False,Johnson V,CCD,GMAU,1.028,False
125,SN 2026aaiv,000-BQR-006,2461297.56796,12.386,0.008,False,Johnson B,CCD,CDZ,1.057,True
126,SN 2026aaiv,000-BQR-006,2461297.57224,11.877,0.007,False,Cousins R,CCD,CDZ,1.065,True
127,SN 2026aaiv,000-BQR-006,2461297.56369,12.217,0.008,False,Johnson V,CCD,CDZ,1.05,True
128,SN 2026aaiv,000-BQR-006,2461298.56271,12.341,0.008,False,Johnson B,CCD,CDZ,1.053,True
129,SN 2026aaiv,000-BQR-006,2461298.56699,11.834,0.013,False,Cousins R,CCD,CDZ,1.06,True
130,SN 2026aaiv,000-BQR-006,2461298.55844,12.165,0.009,False,Johnson V,CCD,CDZ,1.046,True
131,SN 2026aaiv,000-BQR-006,2461298.441,12.157,0.024,False,Johnson V,CCD,PYG,,False
132,SN 2026aaiv,000-BQR-006,2461294.37281,12.64,0.01,False,Johnson V,CCD,CEM,,False
133,SN 2026aaiv,000-BQR-006,2461295.39535,12.50,0.01,False,Johnson V,CCD,CEM,,False
134,SN 2026aaiv,000-BQR-006,2461296.37817,12.38,0.01,False,Johnson V,CCD,CEM,,False
135,SN 2026aaiv,000-BQR-006,2461297.38812,12.30,0.01,False,Johnson V,CCD,CEM,,False
136,SN 2026aaiv,000-BQR-006,2461298.3945,12.24,0.0,False,Johnson V,CCD,CEM,,False
137,SN 2026aaiv,000-BQR-006,2461298.302083,12.15,,False,Johnson V,CCD,WKL,,False
138,SN 2026aaiv,000-BQR-006,2461292.72,12.737,0.043,False,Tri-Color Green,DSLR,PZBA,1.107,False
139,SN 2026aaiv,000-BQR-006,2461292.7739,12.781,0.046,False,Tri-Color Green,DSLR,PZBA,1.014,False
140,SN 2026aaiv,000-BQR-006,2461293.77101,12.482,0.03,False,Tri-Color Green,DSLR,PZBA,1.014,False
141,SN 2026aaiv,000-BQR-006,2461294.73229,12.526,0.033,False,Tri-Color Green,DSLR,PZBA,1.065,False
142,SN 2026aaiv,000-BQR-006,2461296.72771,12.193,0.027,False,Tri-Color Green,DSLR,PZBA,1.063,False
143,SN 2026aaiv,000-BQR-006,2461297.68454,12.178,0.024,False,Tri-Color Green,DSLR,PZBA,1.176,False
144,SN 2026aaiv,000-BQR-006,2461298.69119,12.368,0.031,False,Tri-Color Green,DSLR,PZBA,1.144,False
145,SN 2026aaiv,000-BQR-006,2461298.5407316,12.234,0.003,False,Johnson V,CCD,BKL,1.198,False
146,SN 2026aaiv,000-BQR-006,2461298.54247127,12.242,0.003,False,Johnson V,CCD,BKL,1.194,False
147,SN 2026aaiv,000-BQR-006,2461298.54423206,12.236,0.003,False,Johnson V,CCD,BKL,1.185,False
148,SN 2026aaiv,000-BQR-006,2461298.54598841,12.238,0.003,False,Johnson V,CCD,BKL,1.182,False
149,SN 2026aaiv,000-BQR-006,2461298.54775844,12.239,0.003,False,Johnson V,CCD,BKL,1.173,False
150,SN 2026aaiv,000-BQR-006,2461298.54950185,12.245,0.003,False,Johnson V,CCD,BKL,1.17,False
151,SN 2026aaiv,000-BQR-006,2461298.55126178,12.239,0.003,False,Johnson V,CCD,BKL,1.162,False
152,SN 2026aaiv,000-BQR-006,2461298.55299792,12.246,0.003,False,Johnson V,CCD,BKL,1.159,False
153,SN 2026aaiv,000-BQR-006,2461298.55475507,12.228,0.003,False,Johnson V,CCD,BKL,1.151,False
154,SN 2026aaiv,000-BQR-006,2461298.55649259,12.241,0.003,False,Johnson V,CCD,BKL,1.148,False
155,SN 2026aaiv,000-BQR-006,2461299.254167,12.2,,False,Johnson V,CCD,FATA,,False
156,SN 2026aaiv,000-BQR-006,2461299.263,12.0,,False,Visual,Visual,MILB,,False
157,SN 2026aaiv,000-BQR-006,2461299.340278,12.4,,False,Visual,Visual,ILE,,False
158,SN 2026aaiv,000-BQR-006,2461299.28,11.8,,False,Visual,Visual,BOZ,,False
159,SN 2026aaiv,000-BQR-006,2461299.53472,12.2,,False,Visual,Visual,FADC,,False
160,SN 2026aaiv,000-BQR-006,2461296.211,12.179,,False,Tri-Color Green,CCD,HMAN,,False
161,SN 2026aaiv,000-BQR-006,2461296.213,12.1989,,False,Tri-Color Green,CCD,HMAN,,False
162,SN 2026aaiv,000-BQR-006,2461296.215,12.1748,,False,Tri-Color Green,CCD,HMAN,,False
163,SN 2026aaiv,000-BQR-006,2461296.217,12.2081,,False,Tri-Color Green,CCD,HMAN,,False
164,SN 2026aaiv,000-BQR-006,2461296.22,12.1371,,False,Tri-Color Green,CCD,HMAN,,False
165,SN 2026aaiv,000-BQR-006,2461296.222,12.2403,,False,Tri-Color Green,CCD,HMAN,,False
166,SN 2026aaiv,000-BQR-006,2461296.224,12.2041,,False,Tri-Color Green,CCD,HMAN,,False
167,SN 2026aaiv,000-BQR-006,2461296.226,12.2028,,False,Tri-Color Green,CCD,HMAN,,False
168,SN 2026aaiv,000-BQR-006,2461296.229,12.2033,,False,Tri-Color Green,CCD,HMAN,,False
169,SN 2026aaiv,000-BQR-006,2461296.231,12.1266,,False,Tri-Color Green,CCD,HMAN,,False
170,SN 2026aaiv,000-BQR-006,2461296.233,12.2222,,False,Tri-Color Green,CCD,HMAN,,False
171,SN 2026aaiv,000-BQR-006,2461296.236,12.2116,,False,Tri-Color Green,CCD,HMAN,,False
172,SN 2026aaiv,000-BQR-006,2461296.238,12.1737,,False,Tri-Color Green,CCD,HMAN,,False
173,SN 2026aaiv,000-BQR-006,2461296.24,12.1419,,False,Tri-Color Green,CCD,HMAN,,False
174,SN 2026aaiv,000-BQR-006,2461296.242,12.2421,,False,Tri-Color Green,CCD,HMAN,,False
175,SN 2026aaiv,000-BQR-006,2461296.244,12.2149,,False,Tri-Color Green,CCD,HMAN,,False
176,SN 2026aaiv,000-BQR-006,2461296.247,12.1467,,False,Tri-Color Green,CCD,HMAN,,False
177,SN 2026aaiv,000-BQR-006,2461296.331,12.1739,,False,Tri-Color Green,CCD,HMAN,,False
178,SN 2026aaiv,000-BQR-006,2461296.333,12.1494,,False,Tri-Color Green,CCD,HMAN,,False
179,SN 2026aaiv,000-BQR-006,2461296.335,12.1666,,False,Tri-Color Green,CCD,HMAN,,False
180,SN 2026aaiv,000-BQR-006,2461296.338,12.0925,,False,Tri-Color Green,CCD,HMAN,,False
181,SN 2026aaiv,000-BQR-006,2461296.34,12.1319,,False,Tri-Color Green,CCD,HMAN,,False
182,SN 2026aaiv,000-BQR-006,2461296.342,12.1679,,False,Tri-Color Green,CCD,HMAN,,False
183,SN 2026aaiv,000-BQR-006,2461296.344,12.1484,,False,Tri-Color Green,CCD,HMAN,,False
184,SN 2026aaiv,000-BQR-006,2461296.346,12.1422,,False,Tri-Color Green,CCD,HMAN,,False
185,SN 2026aaiv,000-BQR-006,2461296.348,12.0968,,False,Tri-Color Green,CCD,HMAN,,False
186,SN 2026aaiv,000-BQR-006,2461296.35,12.1297,,False,Tri-Color Green,CCD,HMAN,,False
187,SN 2026aaiv,000-BQR-006,2461296.354,12.1669,,False,Tri-Color Green,CCD,HMAN,,False
188,SN 2026aaiv,000-BQR-006,2461296.356,12.1262,,False,Tri-Color Green,CCD,HMAN,,False
189,SN 2026aaiv,000-BQR-006,2461296.358,12.1462,,False,Tri-Color Green,CCD,HMAN,,False
190,SN 2026aaiv,000-BQR-006,2461296.36,12.1655,,False,Tri-Color Green,CCD,HMAN,,False
191,SN 2026aaiv,000-BQR-006,2461296.363,12.1466,,False,Tri-Color Green,CCD,HMAN,,False
192,SN 2026aaiv,000-BQR-006,2461296.365,12.1578,,False,Tri-Color Green,CCD,HMAN,,False
193,SN 2026aaiv,000-BQR-006,2461296.367,12.1164,,False,Tri-Color Green,CCD,HMAN,,False
194,SN 2026aaiv,000-BQR-006,2461296.369,12.1158,,False,Tri-Color Green,CCD,HMAN,,False
195,SN 2026aaiv,000-BQR-006,2461296.372,12.1352,,False,Tri-Color Green,CCD,HMAN,,False
196,SN 2026aaiv,000-BQR-006,2461294.60705,12.627,0.006,False,Johnson V,CCD,SDI,1.2492,False
197,SN 2026aaiv,000-BQR-006,2461294.60741,12.639,0.006,False,Johnson V,CCD,SDI,1.2504,False
198,SN 2026aaiv,000-BQR-006,2461300.245139,12.3,,False,Johnson V,CCD,FATA,,False
199,SN 2026aaiv,000-BQR-006,2461299.4833,12.114,0.029,False,Johnson V,CCD,PYG,,False
200,SN 2026aaiv,000-BQR-006,2461291.43064,13.33,0.01,False,Johnson V,CCD,BXV,,False
201,SN 2026aaiv,000-BQR-006,2461298.4347,12.2,,False,Visual,Visual,PYG,,False
202,SN 2026aaiv,000-BQR-006,2461293.39267,12.82,0.01,False,Johnson V,CCD,BXV,,False
203,SN 2026aaiv,000-BQR-006,2461295.40123,12.48,0.01,False,Johnson V,CCD,BXV,,False
204,SN 2026aaiv,000-BQR-006,2461297.3351,12.30,0.01,False,Johnson V,CCD,BXV,,False
205,SN 2026aaiv,000-BQR-006,2461299.34407,12.19,0.01,False,Johnson V,CCD,BXV,,False
206,SN 2026aaiv,000-BQR-006,2461299.378916,12.05,0.053,False,Johnson V,CCD,DUBF,1.1,False
207,SN 2026aaiv,000-BQR-006,2461299.380356,12.264,0.026,False,Johnson B,CCD,DUBF,1.097,False
208,SN 2026aaiv,000-BQR-006,2461299.381799,11.715,0.071,False,Cousins R,CCD,DUBF,1.095,False
209,SN 2026aaiv,000-BQR-006,2461299.383242,11.536,0.132,False,Cousins I,CCD,DUBF,1.092,False
210,SN 2026aaiv,000-BQR-006,2461300.364583,12.2,,False,Visual,Visual,ILE,,False
211,SN 2026aaiv,000-BQR-006,2461300.423611,12.2,,False,Johnson V,CCD,CSZ,,False
212,SN 2026aaiv,000-BQR-006,2461300.59375,12.1,,False,Visual,Visual,FADC,,False
213,SN 2026aaiv,000-BQR-006,2461300.341657,12.013,0.053,False,Johnson V,CCD,DUBF,1.176,False
214,SN 2026aaiv,000-BQR-006,2461300.3431,12.259,0.013,False,Johnson B,CCD,DUBF,1.172,False
215,SN 2026aaiv,000-BQR-006,2461300.344543,11.672,0.074,False,Cousins R,CCD,DUBF,1.168,False
216,SN 2026aaiv,000-BQR-006,2461300.345987,11.629,0.138,False,Cousins I,CCD,DUBF,1.164,False
217,SN 2026aaiv,000-BQR-006,2461300.4479,12.089,0.020,False,Johnson V,CCD,PYG,,False
218,SN 2026aaiv,000-BQR-006,2461300.39291966,12.157,0.004,False,Johnson V,CCD,ATE,1.077,False
219,SN 2026aaiv,000-BQR-006,2461300.39368966,12.153,0.007,False,Johnson V,CCD,ATE,1.076,False
220,SN 2026aaiv,000-BQR-006,2461300.39445965,12.149,0.007,False,Johnson V,CCD,ATE,1.074,False
221,SN 2026aaiv,000-BQR-006,2461300.39523965,12.157,0.005,False,Johnson V,CCD,ATE,1.073,False
222,SN 2026aaiv,000-BQR-006,2461299.43980307,12.18,0.011,False,Johnson V,CCD,ATE,1.017,False
223,SN 2026aaiv,000-BQR-006,2461299.44058306,12.177,0.011,False,Johnson V,CCD,ATE,1.017,False
224,SN 2026aaiv,000-BQR-006,2461299.44135306,12.183,0.011,False,Johnson V,CCD,ATE,1.016,False
225,SN 2026aaiv,000-BQR-006,2461298.4437179,12.227,0.007,False,Johnson V,CCD,ATE,1.017,False
226,SN 2026aaiv,000-BQR-006,2461298.44448789,12.239,0.007,False,Johnson V,CCD,ATE,1.016,False
227,SN 2026aaiv,000-BQR-006,2461298.44525789,12.23,0.007,False,Johnson V,CCD,ATE,1.016,False
228,SN 2026aaiv,000-BQR-006,2461300.61806,12.0,,True,Visual,Visual,LHS,,False
229,SN 2026aaiv,000-BQR-006,2461297.46297392,12.287,0.006,False,Johnson V,CCD,ATE,1.137,False
230,SN 2026aaiv,000-BQR-006,2461299.375,12.2,,False,Visual,Visual,CSZ,,False
231,SN 2026aaiv,000-BQR-006,2461298.33617,12.25,0.01,False,Johnson V,CCD,BXV,,False
232,SN 2026aaiv,000-BQR-006,2461299.37912,12.20,0.01,False,Johnson V,CCD,CEM,,False
233,SN 2026aaiv,000-BQR-006,2461301.264,12.3,,False,Visual,Visual,MILB,,False
234,SN 2026aaiv,000-BQR-006,2461300.55916,12.31,0.006,False,Johnson B,CCD,CDZ,1.056,True
235,SN 2026aaiv,000-BQR-006,2461300.56344,11.804,0.008,False,Cousins R,CCD,CDZ,1.064,True
236,SN 2026aaiv,000-BQR-006,2461300.55489,12.107,0.009,False,Johnson V,CCD,CDZ,1.049,True
237,SN 2026aaiv,000-BQR-006,2461301.447917,12.4,,False,Visual,Visual,OJR,,False
238,SN 2026aaiv,000-BQR-006,2461300.336806,12.1,,False,Unfiltered with V Zeropoint,CCD,WKL,,False
239,SN 2026aaiv,000-BQR-006,2461295.44779,12.51,0.009,False,Johnson V,CCD,SDI,1.0737,False
240,SN 2026aaiv,000-BQR-006,2461295.44797,12.523,0.009,False,Johnson V,CCD,SDI,1.0736,False
241,SN 2026aaiv,000-BQR-006,2461295.44816,12.528,0.009,False,Johnson V,CCD,SDI,1.0734,False
242,SN 2026aaiv,000-BQR-006,2461295.44835,12.518,0.009,False,Johnson V,CCD,SDI,1.0733,False
243,SN 2026aaiv,000-BQR-006,2461295.44854,12.524,0.009,False,Johnson V,CCD,SDI,1.0732,False
244,SN 2026aaiv,000-BQR-006,2461295.44873,12.512,0.009,False,Johnson V,CCD,SDI,1.073,False
245,SN 2026aaiv,000-BQR-006,2461301.4514,12.076,0.025,False,Johnson V,CCD,PYG,,False
246,SN 2026aaiv,000-BQR-006,2461298.4194,12.40,,False,Visual,Visual,DPV,,False
247,SN 2026aaiv,000-BQR-006,2461302.349306,12.1,,False,Visual,Visual,CSZ,,False
248,SN 2026aaiv,000-BQR-006,2461302.4444,12.101,0.019,False,Johnson V,CCD,PYG,,False
249,SN 2026aaiv,000-BQR-006,2461302.41632,12.04,0.02,False,Johnson V,CCD,LCR,,False
250,SN 2026aaiv,000-BQR-006,2461302.33657,12.17,,False,Johnson V,CCD,CEM,,False
251,SN 2026aaiv,000-BQR-006,2461302.531313,12.041,0.106,False,Tri-Color Green,CCD,HOA,,False
252,SN 2026aaiv,000-BQR-006,2461303.281302,11.971,0.018,False,Unfiltered with V Zeropoint,CCD,LMAN,,False
253,SN 2026aaiv,000-BQR-006,2461303.281478,11.992,0.023,False,Unfiltered with V Zeropoint,CCD,LMAN,,False
254,SN 2026aaiv,000-BQR-006,2461303.281655,12.011,0.022,False,Unfiltered with V Zeropoint,CCD,LMAN,,False
255,SN 2026aaiv,000-BQR-006,2461303.281832,11.982,0.017,False,Unfiltered with V Zeropoint,CCD,LMAN,,False
256,SN 2026aaiv,000-BQR-006,2461303.282011,11.968,0.019,False,Unfiltered with V Zeropoint,CCD,LMAN,,False
257,SN 2026aaiv,000-BQR-006,2461303.282188,12.02,0.021,False,Unfiltered with V Zeropoint,CCD,LMAN,,False
258,SN 2026aaiv,000-BQR-006,2461303.282365,11.992,0.017,False,Unfiltered with V Zeropoint,CCD,LMAN,,False
259,SN 2026aaiv,000-BQR-006,2461303.282543,11.997,0.016,False,Unfiltered with V Zeropoint,CCD,LMAN,,False
260,SN 2026aaiv,000-BQR-006,2461303.282722,11.991,0.023,False,Unfiltered with V Zeropoint,CCD,LMAN,,False
261,SN 2026aaiv,000-BQR-006,2461303.282898,11.991,0.022,False,Unfiltered with V Zeropoint,CCD,LMAN,,False
262,SN 2026aaiv,000-BQR-006,2461303.283077,11.952,0.028,False,Unfiltered with V Zeropoint,CCD,LMAN,,False
263,SN 2026aaiv,000-BQR-006,2461303.283254,11.979,0.032,False,Unfiltered with V Zeropoint,CCD,LMAN,,False
264,SN 2026aaiv,000-BQR-006,2461303.283431,11.938,0.03,False,Unfiltered with V Zeropoint,CCD,LMAN,,False
265,SN 2026aaiv,000-BQR-006,2461303.283609,11.933,0.019,False,Unfiltered with V Zeropoint,CCD,LMAN,,False
266,SN 2026aaiv,000-BQR-006,2461303.283787,11.974,0.028,False,Unfiltered with V Zeropoint,CCD,LMAN,,False
267,SN 2026aaiv,000-BQR-006,2461303.413194,12.3,,False,Johnson V,CCD,FATA,,False
268,SN 2026aaiv,000-BQR-006,2461301.383333,12.3,,False,Johnson V,CCD,FATA,,False
269,SN 2026aaiv,000-BQR-006,2461303.382639,12.3,,False,Visual,Visual,CSZ,,False
270,SN 2026aaiv,000-BQR-006,2461302.694444,11.8,,False,Visual,Visual,CKB,,False
271,SN 2026aaiv,000-BQR-006,2461302.318056,11.8,,False,Unfiltered with V Zeropoint,CCD,WKL,,False
272,SN 2026aaiv,000-BQR-006,2461302.32615,12.18,0.01,False,Johnson V,CCD,BXV,,False
273,SN 2026aaiv,000-BQR-006,2461303.48066,12.19,0.01,False,Johnson V,CCD,BXV,,False
274,SN 2026aaiv,000-BQR-006,2461303.6236,12.223,0.003,False,Johnson V,CCD,SDI,1.4245,False
275,SN 2026aaiv,000-BQR-006,2461303.63448,12.256,0.002,False,Johnson V,CCD,SDI,1.486,False
276,SN 2026aaiv,000-BQR-006,2461300.5104,12.32,,False,Visual,Visual,DPV,,False
277,SN 2026aaiv,000-BQR-006,2461302.459,12.32,,False,Visual,Visual,DPV,,False
278,SN 2026aaiv,000-BQR-006,2461303.5764,12.103,0.025,False,Johnson V,CCD,PYG,,False
279,SN 2026aaiv,000-BQR-006,2461303.5384,12.18,0.010,False,Johnson V,CCD,CEM,,False
280,SN 2026aaiv,000-BQR-006,2461302.336111,11.9,,False,Unfiltered with V Zeropoint,CCD,WKL,,False
281,SN 2026aaiv,000-BQR-006,2461299.336806,12.19,0.2,False,Johnson V,CCD,DPBA,,False
282,SN 2026aaiv,000-BQR-006,2461298.57052,11.799,0.058,False,Johnson V,CCD,RNDA,1.123,False
283,SN 2026aaiv,000-BQR-006,2461298.57123,11.788,0.057,False,Johnson V,CCD,RNDA,1.122,False
284,SN 2026aaiv,000-BQR-006,2461298.57194,11.789,0.054,False,Johnson V,CCD,RNDA,1.12,False
285,SN 2026aaiv,000-BQR-006,2461298.56829,11.376,0.055,False,Cousins R,CCD,RNDA,1.129,False
286,SN 2026aaiv,000-BQR-006,2461298.569,11.369,0.054,False,Cousins R,CCD,RNDA,1.127,False
287,SN 2026aaiv,000-BQR-006,2461298.56971,11.373,0.051,False,Cousins R,CCD,RNDA,1.125,False
288,SN 2026aaiv,000-BQR-006,2461298.57506,10.991,0.056,False,Cousins I,CCD,RNDA,1.112,False
289,SN 2026aaiv,000-BQR-006,2461298.57577,10.987,0.051,False,Cousins I,CCD,RNDA,1.111,False
290,SN 2026aaiv,000-BQR-006,2461298.57648,10.993,0.056,False,Cousins I,CCD,RNDA,1.109,False
291,SN 2026aaiv,000-BQR-006,2461298.57284,12.37,0.054,False,Johnson B,CCD,RNDA,1.118,False
292,SN 2026aaiv,000-BQR-006,2461298.57356,12.372,0.052,False,Johnson B,CCD,RNDA,1.116,False
293,SN 2026aaiv,000-BQR-006,2461298.57427,12.382,0.055,False,Johnson B,CCD,RNDA,1.114,False
294,SN 2026aaiv,000-BQR-006,2461303.48934,11.003,0.055,False,Cousins I,CCD,RNDA,1.393,False
295,SN 2026aaiv,000-BQR-006,2461303.49005,11.012,0.055,False,Cousins I,CCD,RNDA,1.389,False
296,SN 2026aaiv,000-BQR-006,2461303.49076,11.006,0.051,False,Cousins I,CCD,RNDA,1.385,False
297,SN 2026aaiv,000-BQR-006,2461303.49157,11.376,0.051,False,Cousins R,CCD,RNDA,1.38,False
298,SN 2026aaiv,000-BQR-006,2461303.49228,11.39,0.054,False,Cousins R,CCD,RNDA,1.376,False
299,SN 2026aaiv,000-BQR-006,2461303.49299,11.378,0.052,False,Cousins R,CCD,RNDA,1.372,False
300,SN 2026aaiv,000-BQR-006,2461303.49377,11.799,0.051,False,Johnson V,CCD,RNDA,1.368,False
301,SN 2026aaiv,000-BQR-006,2461303.49448,11.814,0.055,False,Johnson V,CCD,RNDA,1.364,False
302,SN 2026aaiv,000-BQR-006,2461303.49518,11.81,0.059,False,Johnson V,CCD,RNDA,1.36,False
303,SN 2026aaiv,000-BQR-006,2461303.49599,12.39,0.057,False,Johnson B,CCD,RNDA,1.356,False
304,SN 2026aaiv,000-BQR-006,2461303.4967,12.398,0.053,False,Johnson B,CCD,RNDA,1.352,False
305,SN 2026aaiv,000-BQR-006,2461303.49741,12.384,0.054,False,Johnson B,CCD,RNDA,1.348,False
306,SN 2026aaiv,000-BQR-006,2461303.50883,11.376,0.058,False,Cousins R,CCD,RNDA,1.291,False
307,SN 2026aaiv,000-BQR-006,2461303.50954,11.375,0.056,False,Cousins R,CCD,RNDA,1.287,False
308,SN 2026aaiv,000-BQR-006,2461303.51025,11.381,0.056,False,Cousins R,CCD,RNDA,1.284,False
309,SN 2026aaiv,000-BQR-006,2461303.51108,11.812,0.056,False,Johnson V,CCD,RNDA,1.28,False
310,SN 2026aaiv,000-BQR-006,2461303.51179,11.811,0.057,False,Johnson V,CCD,RNDA,1.277,False
311,SN 2026aaiv,000-BQR-006,2461303.5125,11.81,0.059,False,Johnson V,CCD,RNDA,1.274,False
312,SN 2026aaiv,000-BQR-006,2461303.5133,12.395,0.052,False,Johnson B,CCD,RNDA,1.271,False
313,SN 2026aaiv,000-BQR-006,2461303.51401,12.399,0.054,False,Johnson B,CCD,RNDA,1.267,False
314,SN 2026aaiv,000-BQR-006,2461303.51472,12.399,0.051,False,Johnson B,CCD,RNDA,1.264,False
315,SN 2026aaiv,000-BQR-006,2461303.5155,10.993,0.059,False,Cousins I,CCD,RNDA,1.261,False
316,SN 2026aaiv,000-BQR-006,2461303.51621,11.0,0.052,False,Cousins I,CCD,RNDA,1.258,False
317,SN 2026aaiv,000-BQR-006,2461303.51692,11.009,0.053,False,Cousins I,CCD,RNDA,1.255,False
318,SN 2026aaiv,000-BQR-006,2461292.416667,12.286,0.2,False,Johnson V,CCD,DPBA,,False
319,SN 2026aaiv,000-BQR-006,2461303.5290162,12.409,0.006,False,Johnson B,CCD,RTH,,False
320,SN 2026aaiv,000-BQR-006,2461303.52822917,12.196,0.003,False,Johnson V,CCD,RTH,,False
321,SN 2026aaiv,000-BQR-006,2461296.204167,12.3,,False,Johnson V,CCD,TYGA,,False
322,SN 2026aaiv,000-BQR-006,2461304.239583,12.3,,False,Johnson V,CCD,FATA,,False
323,SN 2026aaiv,000-BQR-006,2461290.69798414,13.584,0.03,False,Johnson V,CCD,SIQ,1.045,False
324,SN 2026aaiv,000-BQR-006,2461305.277778,12.3,,False,Johnson V,CCD,FATA,,False
325,SN 2026aaiv,000-BQR-006,2461299.63343437,12.187,0.005,False,Johnson V,CCD,SIQ,1.166,False
326,SN 2026aaiv,000-BQR-006,2461304.37118,12.22,0.01,False,Johnson V,CCD,BXV,,False
327,SN 2026aaiv,000-BQR-006,2461305.28342161,12.094,0.004,False,Johnson V,CCD,HHU,1.317,False
328,SN 2026aaiv,000-BQR-006,2461306.300872,12.244,0.011,False,Johnson V,CCD,LMAN,1.163,False
329,SN 2026aaiv,000-BQR-006,2461306.301026,12.237,0.013,False,Johnson V,CCD,LMAN,1.163,False
330,SN 2026aaiv,000-BQR-006,2461306.301182,12.246,0.019,False,Johnson V,CCD,LMAN,1.162,False
331,SN 2026aaiv,000-BQR-006,2461306.301339,12.216,0.024,False,Johnson V,CCD,LMAN,1.162,False
332,SN 2026aaiv,000-BQR-006,2461306.301497,12.23,0.021,False,Johnson V,CCD,LMAN,1.161,False
333,SN 2026aaiv,000-BQR-006,2461306.301651,12.207,0.026,False,Johnson V,CCD,LMAN,1.161,False
334,SN 2026aaiv,000-BQR-006,2461306.301807,12.215,0.006,False,Johnson V,CCD,LMAN,1.16,False
335,SN 2026aaiv,000-BQR-006,2461306.301966,12.224,0.011,False,Johnson V,CCD,LMAN,1.16,False
336,SN 2026aaiv,000-BQR-006,2461306.302124,12.195,0.016,False,Johnson V,CCD,LMAN,1.159,False
337,SN 2026aaiv,000-BQR-006,2461306.302277,12.238,0.011,False,Johnson V,CCD,LMAN,1.159,False
338,SN 2026aaiv,000-BQR-006,2461302.270379,12.124,0.012,False,Johnson V,CCD,PACA,1.029,False
339,SN 2026aaiv,000-BQR-006,2461302.272482,12.123,0.01,False,Johnson V,CCD,PACA,1.027,False
340,SN 2026aaiv,000-BQR-006,2461302.274585,12.124,0.009,False,Johnson V,CCD,PACA,1.026,False
341,SN 2026aaiv,000-BQR-006,2461302.276687,12.124,0.012,False,Johnson V,CCD,PACA,1.024,False
342,SN 2026aaiv,000-BQR-006,2461302.279525,12.134,0.01,False,Johnson V,CCD,PACA,1.023,False
343,SN 2026aaiv,000-BQR-006,2461302.281628,12.114,0.01,False,Johnson V,CCD,PACA,1.022,False
344,SN 2026aaiv,000-BQR-006,2461302.283732,12.116,0.01,False,Johnson V,CCD,PACA,1.021,False
345,SN 2026aaiv,000-BQR-006,2461302.286268,12.119,0.016,False,Johnson V,CCD,PACA,1.02,False
346,SN 2026aaiv,000-BQR-006,2461302.288367,12.118,0.007,False,Johnson V,CCD,PACA,1.019,False
347,SN 2026aaiv,000-BQR-006,2461302.290471,12.121,0.004,False,Johnson V,CCD,PACA,1.019,False
348,SN 2026aaiv,000-BQR-006,2461304.49929398,12.22,0.001,False,Johnson V,CCD,RTH,,False
349,SN 2026aaiv,000-BQR-006,2461306.336111,12.4,,False,Visual,Visual,CSZ,,False
350,SN 2026aaiv,000-BQR-006,2461306.60725,12.36,,False,Johnson V,CCD,GALF,22.181,False
351,SN 2026aaiv,000-BQR-006,2461302.60032,12.05,0.02,False,Johnson V,CCD,GALF,22.099,False
352,SN 2026aaiv,000-BQR-006,2461289.3694578,13.929,0.008,False,Sloan g,CCD,BDOC,,False
353,SN 2026aaiv,000-BQR-006,2461305.38635,12.134,0.043,False,Johnson V,CCD,BVE,1.064,False
354,SN 2026aaiv,000-BQR-006,2461306.447917,12.7,,False,Visual,Visual,OJR,,False
355,SN 2026aaiv,000-BQR-006,2461306.35,12.2,,False,Unfiltered with V Zeropoint,CCD,WKL,,False
356,SN 2026aaiv,000-BQR-006,2461304.37112,12.22,,False,Johnson V,CCD,CEM,,False
357,SN 2026aaiv,000-BQR-006,2461306.36328,12.29,,False,Johnson V,CCD,CEM,,False
358,SN 2026aaiv,000-BQR-006,2461306.31753,12.25,0.02,False,Johnson V,CCD,LCR,,False
359,SN 2026aaiv,000-BQR-006,2461298.339,12.23,0.03,False,Johnson V,CCD,LCR,,False
360,SN 2026aaiv,000-BQR-006,2461301.45244726,12.162,0.009,False,Johnson V,CCD,ATE,1.008,False
361,SN 2026aaiv,000-BQR-006,2461301.45322726,12.156,0.017,False,Johnson V,CCD,ATE,1.008,False
362,SN 2026aaiv,000-BQR-006,2461301.45399726,12.154,0.012,False,Johnson V,CCD,ATE,1.008,False
363,SN 2026aaiv,000-BQR-006,2461304.6292,12.43,,False,Visual,Visual,DPV,,False
364,SN 2026aaiv,000-BQR-006,2461295.41256227,12.445,0.006,False,Sloan g,CCD,BDOC,,False
365,SN 2026aaiv,000-BQR-006,2461298.3782568,12.198,0.004,False,Sloan g,CCD,BDOC,,False
366,SN 2026aaiv,000-BQR-006,2461299.37831872,12.171,0.004,False,Sloan g,CCD,BDOC,,False
367,SN 2026aaiv,000-BQR-006,2461302.38670426,12.174,0.004,False,Sloan g,CCD,BDOC,,False
368,SN 2026aaiv,000-BQR-006,2461303.40379512,12.222,0.01,False,Sloan g,CCD,BDOC,,False
369,SN 2026aaiv,000-BQR-006,2461306.37899765,12.370,0.004,False,Sloan g,CCD,BDOC,,False
370,SN 2026aaiv,000-BQR-006,2461289.41013433,13.909,0.008,False,Sloan r,CCD,BDOC,,False
371,SN 2026aaiv,000-BQR-006,2461295.42484884,12.410,0.013,False,Sloan r,CCD,BDOC,,False
372,SN 2026aaiv,000-BQR-006,2461298.36086366,12.197,0.005,False,Sloan r,CCD,BDOC,,False
373,SN 2026aaiv,000-BQR-006,2461299.37008072,12.172,0.006,False,Sloan r,CCD,BDOC,,False
374,SN 2026aaiv,000-BQR-006,2461302.37859157,12.14,0.004,False,Sloan r,CCD,BDOC,,False
375,SN 2026aaiv,000-BQR-006,2461303.42903577,12.188,0.021,False,Sloan r,CCD,BDOC,,False
376,SN 2026aaiv,000-BQR-006,2461306.3666353,12.319,0.007,False,Sloan r,CCD,BDOC,,False
377,SN 2026aaiv,000-BQR-006,2461305.6347,12.47,,False,Visual,Visual,DPV,,False
378,SN 2026aaiv,000-BQR-006,2461306.6118,12.47,,False,Visual,Visual,DPV,,False
379,SN 2026aaiv,000-BQR-006,2461307.6604,12.70,,False,Visual,Visual,DPV,,False
380,SN 2026aaiv,000-BQR-006,2461307.3532838,12.6143,0.0083,False,Johnson V,CCD,PIV,,False
381,SN 2026aaiv,000-BQR-006,2461307.35753682,12.615,0.0084,False,Johnson V,CCD,PIV,,False
382,SN 2026aaiv,000-BQR-006,2461307.36178985,12.6074,0.0084,False,Johnson V,CCD,PIV,,False
383,SN 2026aaiv,000-BQR-006,2461307.36608387,12.6085,0.0083,False,Johnson V,CCD,PIV,,False
384,SN 2026aaiv,000-BQR-006,2461307.3703369,12.6142,0.0084,False,Johnson V,CCD,PIV,,False
385,SN 2026aaiv,000-BQR-006,2461307.37458993,12.62,0.0117,False,Johnson V,CCD,PIV,,False
386,SN 2026aaiv,000-BQR-006,2461307.35187079,12.4791,0.0081,False,Cousins R,CCD,PIV,,False
387,SN 2026aaiv,000-BQR-006,2461307.35612381,12.4888,0.0083,False,Cousins R,CCD,PIV,,False
388,SN 2026aaiv,000-BQR-006,2461307.36037784,12.4766,0.008,False,Cousins R,CCD,PIV,,False
389,SN 2026aaiv,000-BQR-006,2461307.36467087,12.4672,0.0083,False,Cousins R,CCD,PIV,,False
390,SN 2026aaiv,000-BQR-006,2461307.36892389,12.4807,0.0084,False,Cousins R,CCD,PIV,,False
391,SN 2026aaiv,000-BQR-006,2461307.37317792,12.4996,0.0102,False,Cousins R,CCD,PIV,,False
392,SN 2026aaiv,000-BQR-006,2461307.35516681,11.8229,0.0134,False,Cousins I,CCD,PIV,,False
393,SN 2026aaiv,000-BQR-006,2461307.35942083,11.816,0.0136,False,Cousins I,CCD,PIV,,False
394,SN 2026aaiv,000-BQR-006,2461307.36367386,11.8123,0.0131,False,Cousins I,CCD,PIV,,False
395,SN 2026aaiv,000-BQR-006,2461307.36796689,11.8871,0.0138,False,Cousins I,CCD,PIV,,False
396,SN 2026aaiv,000-BQR-006,2461307.37222091,11.8215,0.0157,False,Cousins I,CCD,PIV,,False
397,SN 2026aaiv,000-BQR-006,2461307.37647394,11.8617,0.0263,False,Cousins I,CCD,PIV,,False
398,SN 2026aaiv,000-BQR-006,2461306.49229,12.688,0.06,False,Johnson B,CCD,RNDA,1.332,False
399,SN 2026aaiv,000-BQR-006,2461306.493,12.708,0.056,False,Johnson B,CCD,RNDA,1.328,False
400,SN 2026aaiv,000-BQR-006,2461306.49371,12.707,0.059,False,Johnson B,CCD,RNDA,1.324,False
401,SN 2026aaiv,000-BQR-006,2461306.49451,11.038,0.06,False,Cousins I,CCD,RNDA,1.32,False
402,SN 2026aaiv,000-BQR-006,2461306.49522,11.033,0.06,False,Cousins I,CCD,RNDA,1.317,False
403,SN 2026aaiv,000-BQR-006,2461306.49594,11.032,0.062,False,Cousins I,CCD,RNDA,1.313,False
404,SN 2026aaiv,000-BQR-006,2461306.48783,11.501,0.058,False,Cousins R,CCD,RNDA,1.355,False
405,SN 2026aaiv,000-BQR-006,2461306.48854,11.476,0.057,False,Cousins R,CCD,RNDA,1.352,False
406,SN 2026aaiv,000-BQR-006,2461306.48925,11.471,0.057,False,Cousins R,CCD,RNDA,1.348,False
407,SN 2026aaiv,000-BQR-006,2461306.49004,11.968,0.06,False,Johnson V,CCD,RNDA,1.344,False
408,SN 2026aaiv,000-BQR-006,2461306.49078,11.966,0.066,False,Johnson V,CCD,RNDA,1.34,False
409,SN 2026aaiv,000-BQR-006,2461306.49149,11.97,0.06,False,Johnson V,CCD,RNDA,1.336,False
410,SN 2026aaiv,000-BQR-006,2461305.4896,12.2,,False,Visual,Visual,PYG,,False
411,SN 2026aaiv,000-BQR-006,2461307.4896,12.5,,False,Visual,Visual,PYG,,False
412,SN 2026aaiv,000-BQR-006,2461308.4097,12.397,0.032,False,Johnson V,CCD,PYG,,False
413,SN 2026aaiv,000-BQR-006,2461308.29375,12.25,,False,Johnson V,CCD,WKL,,False
414,SN 2026aaiv,000-BQR-006,2461309.354861,12.6,,False,Johnson V,CCD,FATA,,False
415,SN 2026aaiv,000-BQR-006,2461309.329167,12.4,,False,Visual,Visual,CSZ,,False
416,SN 2026aaiv,000-BQR-006,2461309.33001,12.238,0.038,False,Johnson V,CCD,BVE,1.13,False
417,SN 2026aaiv,000-BQR-006,2461308.4204581,12.398,0.017,False,Johnson V,CCD,ATE,1.014,False
418,SN 2026aaiv,000-BQR-006,2461308.4210781,12.407,0.013,False,Johnson V,CCD,ATE,1.013,False
419,SN 2026aaiv,000-BQR-006,2461308.42169811,12.404,0.012,False,Johnson V,CCD,ATE,1.013,False
420,SN 2026aaiv,000-BQR-006,2461303.44584674,12.185,0.014,False,Johnson V,CCD,ATE,1.009,False
421,SN 2026aaiv,000-BQR-006,2461303.44661674,12.182,0.015,False,Johnson V,CCD,ATE,1.008,False
422,SN 2026aaiv,000-BQR-006,2461303.44738675,12.178,0.009,False,Johnson V,CCD,ATE,1.008,False
423,SN 2026aaiv,000-BQR-006,2461305.43092139,12.241,0.012,False,Johnson V,CCD,ATE,1.012,False
424,SN 2026aaiv,000-BQR-006,2461305.43168139,12.241,0.004,False,Johnson V,CCD,ATE,1.013,False
425,SN 2026aaiv,000-BQR-006,2461305.4324614,12.235,0.024,False,Johnson V,CCD,ATE,1.013,False
426,SN 2026aaiv,000-BQR-006,2461296.430382,12.221,0.018,False,Tri-Color Green,DSLR,FARC,1.041,False
427,SN 2026aaiv,000-BQR-006,2461310.365278,12.4,,False,Johnson V,CCD,CSZ,,False
428,SN 2026aaiv,000-BQR-006,2461307.32501,12.35,0.01,False,Johnson V,CCD,CEM,,False
429,SN 2026aaiv,000-BQR-006,2461309.32931,12.53,0.01,False,Johnson V,CCD,CEM,,False
430,SN 2026aaiv,000-BQR-006,2461310.36942,12.56,,False,Johnson V,CCD,CEM,,False
431,SN 2026aaiv,000-BQR-006,2461310.779306,12.532,0.025,False,Johnson V,CCD,GMAU,1.2175,False
432,SN 2026aaiv,000-BQR-006,2461310.3931,12.6,,False,Visual,Visual,PYG,,False
433,SN 2026aaiv,000-BQR-006,2461310.595139,12.7,,False,Visual,Visual,CKB,,False
434,SN 2026aaiv,000-BQR-006,2461311.343056,12.8,,False,Johnson V,CCD,FATA,,False
435,SN 2026aaiv,000-BQR-006,2461312.266667,12.9,,False,Johnson V,CCD,FATA,,False
436,SN 2026aaiv,000-BQR-006,2461298.46005781,12.185,0.02,False,Johnson V,CCD,AANE,1.004,False
437,SN 2026aaiv,000-BQR-006,2461298.45909781,12.326,0.022,False,Johnson B,CCD,AANE,1.004,False
438,SN 2026aaiv,000-BQR-006,2461301.35877742,12.143,0.016,False,Johnson V,CCD,AANE,1.113,False
439,SN 2026aaiv,000-BQR-006,2461301.35574742,12.309,0.018,False,Johnson B,CCD,AANE,1.121,False
440,SN 2026aaiv,000-BQR-006,2461308.44840831,12.813,0.022,False,Johnson B,CCD,AANE,1.009,False
441,SN 2026aaiv,000-BQR-006,2461308.44924831,12.373,0.018,False,Johnson V,CCD,AANE,1.009,False
442,SN 2026aaiv,000-BQR-006,2461313.225694,12.9,,False,Johnson V,CCD,FATA,,False
443,SN 2026aaiv,000-BQR-006,2461312.21,12.7,,False,Visual,Visual,BOZ,,False
444,SN 2026aaiv,000-BQR-006,2461312.54107,13.286,0.006,False,Johnson B,CCD,CDZ,1.08,True
445,SN 2026aaiv,000-BQR-006,2461312.54536,12.427,0.008,False,Cousins R,CCD,CDZ,1.09,True
446,SN 2026aaiv,000-BQR-006,2461312.54825,12.642,0.011,False,Johnson V,CCD,CDZ,1.097,True
447,SN 2026aaiv,000-BQR-006,2461312.570833,12.7,,False,Visual,Visual,CKB,,False
448,SN 2026aaiv,000-BQR-006,2461313.579167,12.5,,False,Unfiltered with V Zeropoint,CCD,SGQ,,False
449,SN 2026aaiv,000-BQR-006,2461313.31954,12.513,0.078,False,Johnson V,CCD,DUBF,1.142,False
450,SN 2026aaiv,000-BQR-006,2461313.32133,13.273,0.026,False,Johnson B,CCD,DUBF,1.138,False
451,SN 2026aaiv,000-BQR-006,2461313.32312,12.272,0.112,False,Cousins R,CCD,DUBF,1.134,False
452,SN 2026aaiv,000-BQR-006,2461313.32526,12.139,0.21,False,Cousins I,CCD,DUBF,1.129,False
453,SN 2026aaiv,000-BQR-006,2461313.333333,12.7,,False,Visual,Visual,CSZ,,False
454,SN 2026aaiv,000-BQR-006,2461314.358333,12.8,,False,Visual,Visual,CSZ,,False
455,SN 2026aaiv,000-BQR-006,2461314.27,12.9,,False,Visual,Visual,BOZ,,False
456,SN 2026aaiv,000-BQR-006,2461292.438659,12.703,0.021,False,Johnson V,CCD,LPEB,,False
457,SN 2026aaiv,000-BQR-006,2461314.349118,12.395,0.015,False,Cousins R,CCD,LMAN,1.029,False
458,SN 2026aaiv,000-BQR-006,2461314.349467,12.429,0.014,False,Cousins R,CCD,LMAN,1.029,False
459,SN 2026aaiv,000-BQR-006,2461314.349818,12.41,0.011,False,Cousins R,CCD,LMAN,1.028,False
460,SN 2026aaiv,000-BQR-006,2461314.350169,12.415,0.016,False,Cousins R,CCD,LMAN,1.028,False
461,SN 2026aaiv,000-BQR-006,2461314.350521,12.41,0.016,False,Cousins R,CCD,LMAN,1.028,False
462,SN 2026aaiv,000-BQR-006,2461314.350872,12.397,0.015,False,Cousins R,CCD,LMAN,1.027,False
463,SN 2026aaiv,000-BQR-006,2461314.351223,12.407,0.024,False,Cousins R,CCD,LMAN,1.027,False
464,SN 2026aaiv,000-BQR-006,2461314.351572,12.442,0.017,False,Cousins R,CCD,LMAN,1.027,False
465,SN 2026aaiv,000-BQR-006,2461314.351923,12.4,0.017,False,Cousins R,CCD,LMAN,1.027,False
466,SN 2026aaiv,000-BQR-006,2461314.352276,12.428,0.01,False,Cousins R,CCD,LMAN,1.026,False
467,SN 2026aaiv,000-BQR-006,2461299.899074,12.223,0.004,False,Johnson B,CCD,WJRA,1.035,True
468,SN 2026aaiv,000-BQR-006,2461299.899074,12.055,0.004,False,Johnson V,CCD,WJRA,1.035,True
469,SN 2026aaiv,000-BQR-006,2461299.899074,11.757,0.01,False,Cousins R,CCD,WJRA,1.035,True
470,SN 2026aaiv,000-BQR-006,2461315.2125,13.1,,False,Johnson V,CCD,FATA,,False
471,SN 2026aaiv,000-BQR-006,2461314.4069,12.769,0.041,False,Johnson V,CCD,PYG,,False
472,SN 2026aaiv,000-BQR-006,2461315.267361,12.7,,False,Visual,Visual,ILE,,False
473,SN 2026aaiv,000-BQR-006,2461315.384028,12.9,,False,Visual,Visual,CSZ,,False
474,SN 2026aaiv,000-BQR-006,2461311.5486,12.8,,False,Visual,Visual,PYG,,False
475,SN 2026aaiv,000-BQR-006,2461315.52417,13.667,0.009,False,Johnson B,CCD,CDZ,1.062,True
476,SN 2026aaiv,000-BQR-006,2461315.52845,12.504,0.007,False,Cousins R,CCD,CDZ,1.071,True
477,SN 2026aaiv,000-BQR-006,2461315.53135,12.803,0.007,False,Johnson V,CCD,CDZ,1.077,True
478,SN 2026aaiv,000-BQR-006,2461314.3472,12.87,,False,Visual,Visual,DPV,,False
479,SN 2026aaiv,000-BQR-006,2461315.4035,13.00,,False,Visual,Visual,DPV,,False
480,SN 2026aaiv,000-BQR-006,2461316.298611,12.8,,False,Visual,Visual,ILE,,False
481,SN 2026aaiv,000-BQR-006,2461316.300358,13.088,0.017,False,Unfiltered with V Zeropoint,CCD,BOSA,1.094,False
482,SN 2026aaiv,000-BQR-006,2461316.300955,13.089,0.018,False,Unfiltered with V Zeropoint,CCD,BOSA,1.092,False
483,SN 2026aaiv,000-BQR-006,2461316.301138,13.078,0.01,False,Unfiltered with V Zeropoint,CCD,BOSA,1.092,False
484,SN 2026aaiv,000-BQR-006,2461316.301162,13.101,0.015,False,Unfiltered with V Zeropoint,CCD,BOSA,1.092,False
485,SN 2026aaiv,000-BQR-006,2461316.301365,13.089,0.01,False,Unfiltered with V Zeropoint,CCD,BOSA,1.091,False
486,SN 2026aaiv,000-BQR-006,2461316.301649,13.104,0.008,False,Unfiltered with V Zeropoint,CCD,BOSA,1.091,False
487,SN 2026aaiv,000-BQR-006,2461316.301853,13.091,0.006,False,Unfiltered with V Zeropoint,CCD,BOSA,1.09,False
488,SN 2026aaiv,000-BQR-006,2461316.302055,13.089,0.008,False,Unfiltered with V Zeropoint,CCD,BOSA,1.09,False
489,SN 2026aaiv,000-BQR-006,2461316.302263,13.094,0.017,False,Unfiltered with V Zeropoint,CCD,BOSA,1.09,False
490,SN 2026aaiv,000-BQR-006,2461316.302548,13.112,0.015,False,Unfiltered with V Zeropoint,CCD,BOSA,1.089,False
491,SN 2026aaiv,000-BQR-006,2461315.3806,12.8,,False,Visual,Visual,MUY,,False
492,SN 2026aaiv,000-BQR-006,2461315.39786,12.623,0.088,False,Johnson V,CCD,BVE,1.047,False
493,SN 2026aaiv,000-BQR-006,2461316.3924,12.874,0.042,False,Johnson V,CCD,PYG,,False
494,SN 2026aaiv,000-BQR-006,2461317.259722,13.2,,False,Johnson V,CCD,FATA,,False
495,SN 2026aaiv,000-BQR-006,2461317.302141,12.9,,False,Visual,Visual,ILE,,False
496,SN 2026aaiv,000-BQR-006,2461316.43348,12.555,0.046,False,Johnson V,CCD,BVE,1.063,False
497,SN 2026aaiv,000-BQR-006,2461316.35,12.8,,False,Visual,Visual,CSZ,,False
498,SN 2026aaiv,000-BQR-006,2461317.26,13.3,,False,Visual,Visual,BOZ,,False
499,SN 2026aaiv,000-BQR-006,2461292.81749,12.3151,0.0519,False,Johnson V,DSLR,SSKB,,True
500,SN 2026aaiv,000-BQR-006,2461292.81749,12.1131,0.0424,False,Cousins R,DSLR,SSKB,,True
501,SN 2026aaiv,000-BQR-006,2461293.88905,11.9285,0.0391,False,Johnson V,DSLR,SSKB,,True
502,SN 2026aaiv,000-BQR-006,2461293.88905,12.0518,0.0303,False,Cousins R,DSLR,SSKB,,True
503,SN 2026aaiv,000-BQR-006,2461293.95861,12.1307,0.0605,False,Johnson V,DSLR,SSKB,,True
504,SN 2026aaiv,000-BQR-006,2461293.95861,12.3764,0.0983,False,Cousins R,DSLR,SSKB,,True
505,SN 2026aaiv,000-BQR-006,2461294.00993,12.266,0.0272,False,Cousins R,DSLR,SSKB,,True
506,SN 2026aaiv,000-BQR-006,2461294.00993,12.4479,0.0385,False,Johnson V,DSLR,SSKB,,True
507,SN 2026aaiv,000-BQR-006,2461296.07114,11.8894,0.0746,False,Johnson V,DSLR,SSKB,,True
508,SN 2026aaiv,000-BQR-006,2461296.07114,11.9761,0.0797,False,Cousins R,DSLR,SSKB,,True
509,SN 2026aaiv,000-BQR-006,2461298.92244,11.8877,0.0237,False,Cousins R,DSLR,SSKB,,True
510,SN 2026aaiv,000-BQR-006,2461298.92244,12.1805,0.028,False,Johnson V,DSLR,SSKB,,True
511,SN 2026aaiv,000-BQR-006,2461298.98471,12.2395,0.0224,False,Johnson V,DSLR,SSKB,,True
512,SN 2026aaiv,000-BQR-006,2461298.98471,12.0857,0.0284,False,Cousins R,DSLR,SSKB,,True
513,SN 2026aaiv,000-BQR-006,2461302.85395,11.9727,0.0366,False,Johnson V,DSLR,SSKB,,True
514,SN 2026aaiv,000-BQR-006,2461302.85395,11.6809,0.034,False,Cousins R,DSLR,SSKB,,True
515,SN 2026aaiv,000-BQR-006,2461302.86548,11.8207,0.0312,False,Johnson V,DSLR,SSKB,,True
516,SN 2026aaiv,000-BQR-006,2461302.86548,11.61,0.0394,False,Cousins R,DSLR,SSKB,,True
517,SN 2026aaiv,000-BQR-006,2461309.99723,12.6021,0.0191,False,Johnson V,DSLR,SSKB,,True
518,SN 2026aaiv,000-BQR-006,2461309.99723,12.641,0.1188,False,Cousins R,DSLR,SSKB,,True
519,SN 2026aaiv,000-BQR-006,2461310.00906,12.1728,0.0219,False,Cousins R,DSLR,SSKB,,True
520,SN 2026aaiv,000-BQR-006,2461310.00906,12.4381,0.0203,False,Johnson V,DSLR,SSKB,,True
521,SN 2026aaiv,000-BQR-006,2461310.99763,12.6155,0.0247,False,Johnson V,DSLR,SSKB,,True
522,SN 2026aaiv,000-BQR-006,2461310.99763,12.4287,0.0274,False,Cousins R,DSLR,SSKB,,True
523,SN 2026aaiv,000-BQR-006,2461311.01181,12.6389,0.0276,False,Johnson V,DSLR,SSKB,,True
524,SN 2026aaiv,000-BQR-006,2461311.01181,12.2975,0.0217,False,Cousins R,DSLR,SSKB,,True
525,SN 2026aaiv,000-BQR-006,2461311.02571,12.4013,0.0403,False,Cousins R,DSLR,SSKB,,True
526,SN 2026aaiv,000-BQR-006,2461311.02571,12.5832,0.0197,False,Johnson V,DSLR,SSKB,,True
527,SN 2026aaiv,000-BQR-006,2461311.99773,12.744,0.0542,False,Johnson V,DSLR,SSKB,,True
528,SN 2026aaiv,000-BQR-006,2461311.99773,13.2166,0.1547,False,Cousins R,DSLR,SSKB,,True
529,SN 2026aaiv,000-BQR-006,2461312.01176,12.4915,0.0341,False,Johnson V,DSLR,SSKB,,True
530,SN 2026aaiv,000-BQR-006,2461312.01176,12.3455,0.0456,False,Cousins R,DSLR,SSKB,,True
531,SN 2026aaiv,000-BQR-006,2461312.02559,12.416,0.0568,False,Cousins R,DSLR,SSKB,,True
532,SN 2026aaiv,000-BQR-006,2461312.02559,12.6233,0.0413,False,Johnson V,DSLR,SSKB,,True
533,SN 2026aaiv,000-BQR-006,2461312.99788,12.4315,0.0672,False,Cousins R,DSLR,SSKB,,True
534,SN 2026aaiv,000-BQR-006,2461312.99788,12.593,0.0482,False,Johnson V,DSLR,SSKB,,True
535,SN 2026aaiv,000-BQR-006,2461313.01177,12.3586,0.0464,False,Cousins R,DSLR,SSKB,,True
536,SN 2026aaiv,000-BQR-006,2461313.01177,12.5499,0.0431,False,Johnson V,DSLR,SSKB,,True
537,SN 2026aaiv,000-BQR-006,2461314.06875,13.4,,False,Johnson B,CCD,TYGA,,False
538,SN 2026aaiv,000-BQR-006,2461314.071528,12.4,,False,Cousins R,CCD,TYGA,,False
539,SN 2026aaiv,000-BQR-006,2461314.065972,12.55,,False,Johnson V,CCD,TYGA,,False
540,SN 2026aaiv,000-BQR-006,2461315.4333,12.9,,False,Visual,Visual,PYG,,False
541,SN 2026aaiv,000-BQR-006,2461316.4389,12.9,,False,Visual,Visual,MUY,,False
542,SN 2026aaiv,000-BQR-006,2461315.55738,12.918,0.003,False,Johnson V,CCD,SDI,1.165,False
543,SN 2026aaiv,000-BQR-006,2461317.49966,13.115,0.014,False,Johnson V,CCD,SDI,1.1345,False
544,SN 2026aaiv,000-BQR-006,2461315.539583,12.35,,False,Unfiltered with V Zeropoint,CCD,WKL,,False
545,SN 2026aaiv,000-BQR-006,2461318.357755,13.2,,False,Visual,Visual,ILE,,False
546,SN 2026aaiv,000-BQR-006,2461318.365278,13.4,,False,Johnson V,CCD,FATA,,False
547,SN 2026aaiv,000-BQR-006,2461318.338194,13.2,,False,Visual,Visual,CSZ,,False
548,SN 2026aaiv,000-BQR-006,2461317.4118,13.0,,False,Visual,Visual,MUY,,False
549,SN 2026aaiv,000-BQR-006,2461293.4152199,12.3848,0.0097,False,Sloan r,CCD,LRMB,,False
550,SN 2026aaiv,000-BQR-006,2461316.3051,12.872,0.071,False,Johnson V,CCD,DUBF,1.157,False
551,SN 2026aaiv,000-BQR-006,2461316.30689,13.807,0.038,False,Johnson B,CCD,DUBF,1.152,False
552,SN 2026aaiv,000-BQR-006,2461316.30868,12.542,0.101,False,Cousins R,CCD,DUBF,1.148,False
553,SN 2026aaiv,000-BQR-006,2461316.310817,12.409,0.194,False,Cousins I,CCD,DUBF,1.143,False
554,SN 2026aaiv,000-BQR-006,2461318.315469,12.957,0.08,False,Johnson V,CCD,DUBF,1.121,False
555,SN 2026aaiv,000-BQR-006,2461318.317259,14.013,0.072,False,Johnson B,CCD,DUBF,1.117,False
556,SN 2026aaiv,000-BQR-006,2461318.319051,12.569,0.071,False,Cousins R,CCD,DUBF,1.114,False
557,SN 2026aaiv,000-BQR-006,2461318.321189,12.32,0.13,False,Cousins I,CCD,DUBF,1.11,False
558,SN 2026aaiv,000-BQR-006,2461315.320773,12.811,0.067,False,Johnson V,CCD,DUBF,1.127,False
559,SN 2026aaiv,000-BQR-006,2461315.322563,13.658,0.05,False,Johnson B,CCD,DUBF,1.123,False
560,SN 2026aaiv,000-BQR-006,2461315.324354,12.51,0.099,False,Cousins R,CCD,DUBF,1.12,False
561,SN 2026aaiv,000-BQR-006,2461315.326493,12.451,0.133,False,Cousins I,CCD,DUBF,1.115,False
562,SN 2026aaiv,000-BQR-006,2461318.42663,12.681,0.051,False,Johnson V,CCD,BVE,1.062,False
563,SN 2026aaiv,000-BQR-006,2461318.5417,13.091,0.037,False,Johnson V,CCD,PYG,,False
564,SN 2026aaiv,000-BQR-006,2461317.4271,13.2,,False,Visual,Visual,PYG,,False
565,SN 2026aaiv,000-BQR-006,2461318.3347,13.17,,False,Visual,Visual,DPV,,False
566,SN 2026aaiv,000-BQR-006,2461318.3833,13.1,,False,Visual,Visual,MUY,,False
567,SN 2026aaiv,000-BQR-006,2461311.47567,12.933,0.03,False,Unfiltered with V Zeropoint,CCD,CTDA,,False
568,SN 2026aaiv,000-BQR-006,2461318.37718,13.11,0.03,False,Unfiltered with V Zeropoint,CCD,CTDA,,False
569,SN 2026aaiv,000-BQR-006,2461317.91838,13.797,0.01,False,Johnson B,CCD,WJRA,1.149,True
570,SN 2026aaiv,000-BQR-006,2461317.91838,12.807,0.007,False,Johnson V,CCD,WJRA,1.149,True
571,SN 2026aaiv,000-BQR-006,2461317.91838,12.287,0.015,False,Cousins R,CCD,WJRA,1.149,True
